demo-sandbox	0	2026-08-29T12:32:06Z	2026-08-29T12:32:14Z
private-local	0	2026-08-29T12:32:14Z	2026-08-29T12:32:21Z
editable-export	0	2026-08-29T12:32:21Z	2026-08-29T12:32:29Z
renderer-matrix	0	2026-08-29T12:32:29Z	2026-08-29T12:32:38Z
d2-preview	0	2026-08-29T12:32:38Z	2026-08-29T12:32:44Z
offline-core	0	2026-08-29T12:32:44Z	2026-08-29T12:32:51Z
license-enforcement	0	2026-08-29T12:32:51Z	2026-08-29T12:32:57Z
native-file-dialogs	0	2026-08-29T12:32:57Z	2026-08-29T12:33:04Z
offline-reference	0	2026-08-29T12:33:04Z	2026-08-29T12:33:11Z
safe-svg	0	2026-08-29T12:33:11Z	2026-08-29T12:33:17Z
no-tracking	0	2026-08-29T12:33:17Z	2026-08-29T12:33:23Z
unsigned-builds	0	2026-08-29T12:33:23Z	2026-08-29T12:33:29Z
release-installers	0	2026-08-29T12:33:29Z	2026-08-29T12:33:35Z
studio-purchase	0	2026-08-29T12:33:35Z	2026-08-29T12:33:45Z
billing-catalog	0	2026-08-29T12:33:45Z	2026-08-29T12:33:51Z
license-verdict-one-day	0	2026-08-29T12:33:51Z	2026-08-29T12:33:58Z
refund-revocation	0	2026-08-29T12:33:58Z	2026-08-29T12:34:04Z
no-sign-in	0	2026-08-29T12:34:04Z	2026-08-29T12:34:10Z
free-editor-diagnostics	0	2026-08-29T12:34:10Z	2026-08-29T12:34:17Z
startup-network	0	2026-08-29T12:34:17Z	2026-08-29T12:34:23Z
checkout-provider	0	2026-08-29T12:34:23Z	2026-08-29T12:34:28Z
