404.html	200	yes	8598f12a144ace9d0239c3f76432b6d6c8473f46c5e09be4a434e0c222749828	8598f12a144ace9d0239c3f76432b6d6c8473f46c5e09be4a434e0c222749828
apple-touch-icon.png	200	yes	e65e488c518183eea3400d89a66dc05c74bf28e781b6147f3c50272e4e5af0a6	e65e488c518183eea3400d89a66dc05c74bf28e781b6147f3c50272e4e5af0a6
assets/atkinson-hyperlegible-latin-400-normal-BKTgBNmI.woff2	200	yes	b09653e3ba9d95e26da5c408979f40451990a4573ce5f96abe6982e2fcb09e6c	b09653e3ba9d95e26da5c408979f40451990a4573ce5f96abe6982e2fcb09e6c
assets/atkinson-hyperlegible-latin-700-normal-BriLmxM2.woff2	200	yes	d8e8b1e0e929651439e25e23ade4b9d6cac073f2444aadb8e8b85431726c2036	d8e8b1e0e929651439e25e23ade4b9d6cac073f2444aadb8e8b85431726c2036
assets/barlow-condensed-latin-600-normal-DepVgxBB.woff2	200	yes	215a93c696f442034a46fbb382958f753fda60e30490683aeea6b235fcbb2b66	215a93c696f442034a46fbb382958f753fda60e30490683aeea6b235fcbb2b66
assets/barlow-condensed-latin-700-normal-v1xN8_Wq.woff2	200	yes	3787a5a419171630e6890cfa47c4da067474d005cd0ff8dc11ec090fdc3ee2b8	3787a5a419171630e6890cfa47c4da067474d005cd0ff8dc11ec090fdc3ee2b8
assets/core-DhEqZVGG.js	200	yes	a2adb48dc04bd633b61d007396e0810a2d68658ca9a22f3f232d98415b2e983a	a2adb48dc04bd633b61d007396e0810a2d68658ca9a22f3f232d98415b2e983a
assets/core-DhEqZVGG.js.map	200	yes	23f43bf6dc54a67792a95b931deaf4c2488be99d500dbaa334bd9b76c38504c1	23f43bf6dc54a67792a95b931deaf4c2488be99d500dbaa334bd9b76c38504c1
assets/demo-DVMG8a2V.js.map	200	yes	9b38f854bdd366f638b099e2d8445e032767b6fb8c9c6a528985545dc62b41ae	9b38f854bdd366f638b099e2d8445e032767b6fb8c9c6a528985545dc62b41ae
assets/home-DVMG8a2V.js.map	200	yes	b73d68d88ca218ad4fad8401750d39fe5cf64692d723e77a213ecf517b459160	b73d68d88ca218ad4fad8401750d39fe5cf64692d723e77a213ecf517b459160
assets/main-CCC-LUn6.css	200	yes	02882e3b9c8a702daff85bb8f2932acc2fd94062158e36fd40fe9d84f256d541	02882e3b9c8a702daff85bb8f2932acc2fd94062158e36fd40fe9d84f256d541
assets/main-Dbj0zxo1.js	200	yes	ff5b22441f77f87e6426f42f5e2f6b45781b9d73a6ee5873e462422fe52a63a3	ff5b22441f77f87e6426f42f5e2f6b45781b9d73a6ee5873e462422fe52a63a3
assets/main-Dbj0zxo1.js.map	200	yes	fa01a233423acb13507690b746a74c91df53f1b729c89bff04558ccc1a8c334b	fa01a233423acb13507690b746a74c91df53f1b729c89bff04558ccc1a8c334b
assets/neon-inspection-1280.webp	200	yes	5a13240bddae4c601b831db44f7ddc17cb79a345658e5cf4dcbde085c2019908	5a13240bddae4c601b831db44f7ddc17cb79a345658e5cf4dcbde085c2019908
assets/neon-inspection-640.webp	200	yes	3f2175fe618e63c8b9f5a3d57be2427eed8b5431d8adabd96dbcc09242d648ec	3f2175fe618e63c8b9f5a3d57be2427eed8b5431d8adabd96dbcc09242d648ec
assets/notFound-DVMG8a2V.js.map	200	yes	96c4ec1dde1be35e05853e60f0b3707de57ffe12a5497639996c66eb24dd2638	96c4ec1dde1be35e05853e60f0b3707de57ffe12a5497639996c66eb24dd2638
assets/privacy-DVMG8a2V.js.map	200	yes	b8a501d17bde4f843e0181c14b3cd9f9d42484b4806d4f5ceab503c8692c3078	b8a501d17bde4f843e0181c14b3cd9f9d42484b4806d4f5ceab503c8692c3078
assets/social.webp	200	yes	5c1b61e933c08180a3a49fb845e06a1455fed569c0e8147c81428310bdb34664	5c1b61e933c08180a3a49fb845e06a1455fed569c0e8147c81428310bdb34664
assets/terms-DVMG8a2V.js.map	200	yes	c8f1c8bb84175c79e04c7679e7205d77615475a69d09990acb57aceca5437f42	c8f1c8bb84175c79e04c7679e7205d77615475a69d09990acb57aceca5437f42
demo.html	200	yes	a9adf29f9f7f35af4634860eea28b1dc9ffa26e2bc50419af7e7b97edc13f916	a9adf29f9f7f35af4634860eea28b1dc9ffa26e2bc50419af7e7b97edc13f916
favicon.svg	200	yes	0eefbc9980558a5f3afe6844d5431d8f311b78ff498772bf84f66bc71dfb1bd7	0eefbc9980558a5f3afe6844d5431d8f311b78ff498772bf84f66bc71dfb1bd7
index.html	200	yes	7a2c8439ecb37ef4e1c1d737df5e7f60a4b1c95ebbe104a5e929a7b09b495e36	7a2c8439ecb37ef4e1c1d737df5e7f60a4b1c95ebbe104a5e929a7b09b495e36
install.ps1	200	yes	1456a2cc2200df1ffa74d76250a2a0acdd41d37d795e3a004e6684e7713f6a74	1456a2cc2200df1ffa74d76250a2a0acdd41d37d795e3a004e6684e7713f6a74
install.sh	200	yes	73033c610f827f124ffbc7e5653250b56be793186fc167a873701a708401f467	73033c610f827f124ffbc7e5653250b56be793186fc167a873701a708401f467
privacy.html	200	yes	48a5f6b11a367b42362c98b8422520af2d9df73961994d4670e9eceaca395644	48a5f6b11a367b42362c98b8422520af2d9df73961994d4670e9eceaca395644
robots.txt	200	yes	eb9e125eadac8175c418194c1d9be2cce9e2dcec04db5373d94bf450e35526c9	eb9e125eadac8175c418194c1d9be2cce9e2dcec04db5373d94bf450e35526c9
sitemap.xml	200	yes	47d27c1607d809256267ed69a94bd9d6599c0815858edf3244074e10db45fdb5	47d27c1607d809256267ed69a94bd9d6599c0815858edf3244074e10db45fdb5
sw.js	200	yes	27a1e379bd6ac2a754cd8decc167e0dd663877978cc804327c34d37ca807c70f	27a1e379bd6ac2a754cd8decc167e0dd663877978cc804327c34d37ca807c70f
terms.html	200	yes	cd379a6085074125fc5f1b1913adf45ceb851e90858d6ad82adc72fdfa8cb88d	cd379a6085074125fc5f1b1913adf45ceb851e90858d6ad82adc72fdfa8cb88d
vendor/mermaid-10.min.js	200	yes	8d607d7ef1d077a8aa202e18e62212bfa992c68bfeabc5cf45d51a128fe6675d	8d607d7ef1d077a8aa202e18e62212bfa992c68bfeabc5cf45d51a128fe6675d
vendor/mermaid-11.min.js	200	yes	581ed7d74bd9048d0e3a91363927d72ef22942d7722546b27f7cc29e35390eb8	581ed7d74bd9048d0e3a91363927d72ef22942d7722546b27f7cc29e35390eb8
