MATCH	200	a146948906d4196f6012d915480e6e916ce306ac8bd5ae8fb25ac8b7ba364bf3	a146948906d4196f6012d915480e6e916ce306ac8bd5ae8fb25ac8b7ba364bf3	404.html
MATCH	200	e65e488c518183eea3400d89a66dc05c74bf28e781b6147f3c50272e4e5af0a6	e65e488c518183eea3400d89a66dc05c74bf28e781b6147f3c50272e4e5af0a6	apple-touch-icon.png
MATCH	200	b09653e3ba9d95e26da5c408979f40451990a4573ce5f96abe6982e2fcb09e6c	b09653e3ba9d95e26da5c408979f40451990a4573ce5f96abe6982e2fcb09e6c	assets/atkinson-hyperlegible-latin-400-normal-BKTgBNmI.woff2
MATCH	200	d8e8b1e0e929651439e25e23ade4b9d6cac073f2444aadb8e8b85431726c2036	d8e8b1e0e929651439e25e23ade4b9d6cac073f2444aadb8e8b85431726c2036	assets/atkinson-hyperlegible-latin-700-normal-BriLmxM2.woff2
MATCH	200	215a93c696f442034a46fbb382958f753fda60e30490683aeea6b235fcbb2b66	215a93c696f442034a46fbb382958f753fda60e30490683aeea6b235fcbb2b66	assets/barlow-condensed-latin-600-normal-DepVgxBB.woff2
MATCH	200	3787a5a419171630e6890cfa47c4da067474d005cd0ff8dc11ec090fdc3ee2b8	3787a5a419171630e6890cfa47c4da067474d005cd0ff8dc11ec090fdc3ee2b8	assets/barlow-condensed-latin-700-normal-v1xN8_Wq.woff2
MATCH	200	a2adb48dc04bd633b61d007396e0810a2d68658ca9a22f3f232d98415b2e983a	a2adb48dc04bd633b61d007396e0810a2d68658ca9a22f3f232d98415b2e983a	assets/core-DhEqZVGG.js
MATCH	200	23f43bf6dc54a67792a95b931deaf4c2488be99d500dbaa334bd9b76c38504c1	23f43bf6dc54a67792a95b931deaf4c2488be99d500dbaa334bd9b76c38504c1	assets/core-DhEqZVGG.js.map
MATCH	200	71eaa5051ef0e94e8e885b62fa9d5035895a7147236665ffa426e7cc6579451b	71eaa5051ef0e94e8e885b62fa9d5035895a7147236665ffa426e7cc6579451b	assets/demo-BiAi2sQ2.js.map
MATCH	200	0a00211ef617218ccbaa731a6aca29bbf851f48b0a44771265c678638a0ce55d	0a00211ef617218ccbaa731a6aca29bbf851f48b0a44771265c678638a0ce55d	assets/home-BiAi2sQ2.js.map
MATCH	200	02882e3b9c8a702daff85bb8f2932acc2fd94062158e36fd40fe9d84f256d541	02882e3b9c8a702daff85bb8f2932acc2fd94062158e36fd40fe9d84f256d541	assets/main-CCC-LUn6.css
MATCH	200	57b3fbb25b70e2add8f46fbad9a798195e712ef06c634fc51c1f15ba1824e58f	57b3fbb25b70e2add8f46fbad9a798195e712ef06c634fc51c1f15ba1824e58f	assets/main-hLxcIUO1.js
MATCH	200	dc4cfdba63e3abebbad5b699542219be75db5bcb8c7ad267b6deb9ea3c5918ca	dc4cfdba63e3abebbad5b699542219be75db5bcb8c7ad267b6deb9ea3c5918ca	assets/main-hLxcIUO1.js.map
MATCH	200	5a13240bddae4c601b831db44f7ddc17cb79a345658e5cf4dcbde085c2019908	5a13240bddae4c601b831db44f7ddc17cb79a345658e5cf4dcbde085c2019908	assets/neon-inspection-1280.webp
MATCH	200	3f2175fe618e63c8b9f5a3d57be2427eed8b5431d8adabd96dbcc09242d648ec	3f2175fe618e63c8b9f5a3d57be2427eed8b5431d8adabd96dbcc09242d648ec	assets/neon-inspection-640.webp
MATCH	200	2af05c56123e57744e230bf6ddd233588fd429a1798d408c81643a073bcbd65c	2af05c56123e57744e230bf6ddd233588fd429a1798d408c81643a073bcbd65c	assets/notFound-BiAi2sQ2.js.map
MATCH	200	330f0ce5e66567f9f9a050e0de03307c03c2b213b6727b2b7e5c6580bc0370bc	330f0ce5e66567f9f9a050e0de03307c03c2b213b6727b2b7e5c6580bc0370bc	assets/privacy-BiAi2sQ2.js.map
MATCH	200	5c1b61e933c08180a3a49fb845e06a1455fed569c0e8147c81428310bdb34664	5c1b61e933c08180a3a49fb845e06a1455fed569c0e8147c81428310bdb34664	assets/social.webp
MATCH	200	ecc127ddf35b22830c99e1cd1ed5c19cfaaf146e41afdff5533c27a0851a538d	ecc127ddf35b22830c99e1cd1ed5c19cfaaf146e41afdff5533c27a0851a538d	assets/terms-BiAi2sQ2.js.map
MATCH	200	a9a6f05a4dca119da932b4206dc164779151be37e12659f76ae43dd27d5687b5	a9a6f05a4dca119da932b4206dc164779151be37e12659f76ae43dd27d5687b5	demo.html
MATCH	200	0eefbc9980558a5f3afe6844d5431d8f311b78ff498772bf84f66bc71dfb1bd7	0eefbc9980558a5f3afe6844d5431d8f311b78ff498772bf84f66bc71dfb1bd7	favicon.svg
MATCH	200	0c2a07804897b9211c3a6912c710459dce539700cf1966d64a646005a37d05f5	0c2a07804897b9211c3a6912c710459dce539700cf1966d64a646005a37d05f5	index.html
MATCH	200	1456a2cc2200df1ffa74d76250a2a0acdd41d37d795e3a004e6684e7713f6a74	1456a2cc2200df1ffa74d76250a2a0acdd41d37d795e3a004e6684e7713f6a74	install.ps1
MATCH	200	73033c610f827f124ffbc7e5653250b56be793186fc167a873701a708401f467	73033c610f827f124ffbc7e5653250b56be793186fc167a873701a708401f467	install.sh
MATCH	200	d2a0dabc68174de34dae06231a6503b100698c07e784494bc6d0e16e76314d6b	d2a0dabc68174de34dae06231a6503b100698c07e784494bc6d0e16e76314d6b	privacy.html
MATCH	200	eb9e125eadac8175c418194c1d9be2cce9e2dcec04db5373d94bf450e35526c9	eb9e125eadac8175c418194c1d9be2cce9e2dcec04db5373d94bf450e35526c9	robots.txt
MATCH	200	47d27c1607d809256267ed69a94bd9d6599c0815858edf3244074e10db45fdb5	47d27c1607d809256267ed69a94bd9d6599c0815858edf3244074e10db45fdb5	sitemap.xml
MATCH	200	b7e35ff913092644958151681630a3d98add36c8046fd330f4cb69ff0ffabbbf	b7e35ff913092644958151681630a3d98add36c8046fd330f4cb69ff0ffabbbf	sw.js
MATCH	200	2e620c0d7769a3cbb5fb26674a491e7abc13a04559e95b7cc6f42fd19d11968c	2e620c0d7769a3cbb5fb26674a491e7abc13a04559e95b7cc6f42fd19d11968c	terms.html
MATCH	200	8d607d7ef1d077a8aa202e18e62212bfa992c68bfeabc5cf45d51a128fe6675d	8d607d7ef1d077a8aa202e18e62212bfa992c68bfeabc5cf45d51a128fe6675d	vendor/mermaid-10.min.js
MATCH	200	581ed7d74bd9048d0e3a91363927d72ef22942d7722546b27f7cc29e35390eb8	581ed7d74bd9048d0e3a91363927d72ef22942d7722546b27f7cc29e35390eb8	vendor/mermaid-11.min.js
